상품명, 가격, 이미지, 카테고리
귀여운 분홍토끼가 좋아하는 사탕, 9000, "https://images.unsplash.com/photo-1567653418876-5bb0e566e1c2?ixid=MXwxMjA3fDB8MHxwaG90by1wYWdlfHx8fGVufDB8fHw%3D&ixlib=rb-1.2.1&auto=format&fit=crop&w=700&q=80", 1
흉폭한 사자가 좋아하는 아이스크림, 11000, "https://images.unsplash.com/photo-1497034825429-c343d7c6a68f?ixid=MXwxMjA3fDB8MHxwaG90by1wYWdlfHx8fGVufDB8fHw%3D&ixlib=rb-1.2.1&auto=format&fit=crop&w=634&q=80", 2
복숭아가 되고싶은 바나나, 5000, "https://images.unsplash.com/photo-1481349518771-20055b2a7b24?ixid=MXwxMjA3fDB8MHxwaG90by1wYWdlfHx8fGVufDB8fHw%3D&ixlib=rb-1.2.1&auto=format&fit=crop&w=1409&q=80", 3
핑크핑크 홍학튜브, 35000, "https://images.unsplash.com/photo-1501426026826-31c667bdf23d?ixlib=rb-1.2.1&ixid=MXwxMjA3fDB8MHxwaG90by1wYWdlfHx8fGVufDB8fHw%3D&auto=format&fit=crop&w=676&q=80", 4
맛있는 도넛튜브, 30000, "https://images.unsplash.com/photo-1561344603-efeba2453da1?ixlib=rb-1.2.1&ixid=MXwxMjA3fDB8MHxwaG90by1wYWdlfHx8fGVufDB8fHw%3D&auto=format&fit=crop&w=634&q=80", 5
레인보우 도넛세트, 29500, "https://images.unsplash.com/photo-1516919549054-e08258825f80?ixid=MXwxMjA3fDB8MHxwaG90by1wYWdlfHx8fGVufDB8fHw%3D&ixlib=rb-1.2.1&auto=format&fit=crop&w=1350&q=80", 6
핑크풍선 삼남매, 9000, "https://images.unsplash.com/photo-1525268771113-32d9e9021a97?ixlib=rb-1.2.1&ixid=MXwxMjA3fDB8MHxwaG90by1wYWdlfHx8fGVufDB8fHw%3D&auto=format&fit=crop&w=800&q=80", 7
심플 스마트폰 케이스, 13000, "https://images.unsplash.com/photo-1535157412991-2ef801c1748b?ixid=MXwxMjA3fDB8MHxwaG90by1wYWdlfHx8fGVufDB8fHw%3D&ixlib=rb-1.2.1&auto=format&fit=crop&w=800&q=80", 8
복숭아 민트초코 헤드폰, 45000, "https://images.unsplash.com/photo-1524678606370-a47ad25cb82a?ixlib=rb-1.2.1&ixid=MXwxMjA3fDB8MHxwaG90by1wYWdlfHx8fGVufDB8fHw%3D&auto=format&fit=crop&w=1350&q=80", 9
아이스크림 핸드백, 69000, "https://images.unsplash.com/photo-1524672353063-4f66ee1f385e?ixid=MXwxMjA3fDB8MHxwaG90by1wYWdlfHx8fGVufDB8fHw%3D&ixlib=rb-1.2.1&auto=format&fit=crop&w=1349&q=80", 10
착한사람만 보이는 마법의 선물상자, 60000, "https://images.unsplash.com/photo-1576072446584-4955dfe17b86?ixlib=rb-1.2.1&ixid=MXwxMjA3fDB8MHxwaG90by1wYWdlfHx8fGVufDB8fHw%3D&auto=format&fit=crop&w=1350&q=80", 11
비눗방울은 방울방울, 2200, "https://images.unsplash.com/photo-1498842965061-82d264217c5f?ixid=MXwxMjA3fDB8MHxwaG90by1wYWdlfHx8fGVufDB8fHw%3D&ixlib=rb-1.2.1&auto=format&fit=crop&w=634&q=80", 12
핑크 구름 사탕, 4000, "https://images.unsplash.com/photo-1523992038393-d5ab874a077e?ixid=MXwxMjA3fDB8MHxwaG90by1wYWdlfHx8fGVufDB8fHw%3D&ixlib=rb-1.2.1&auto=format&fit=crop&w=1350&q=80", 13
맛있게 먹으면 0칼로리 젤리, 8500, "https://images.unsplash.com/photo-1534119319606-7eb8d6c3cc43?ixlib=rb-1.2.1&ixid=MXwxMjA3fDB8MHxwaG90by1wYWdlfHx8fGVufDB8fHw%3D&auto=format&fit=crop&w=613&q=80", 14
몰캉몰캉 젤리 삼총사, 9000, "https://images.unsplash.com/photo-1534119121853-e388efc56280?ixlib=rb-1.2.1&ixid=MXwxMjA3fDB8MHxwaG90by1wYWdlfHx8fGVufDB8fHw%3D&auto=format&fit=crop&w=800&q=80", 15
몰캉몰캉 바나나 젤리, 7500, "https://images.unsplash.com/photo-1534119238569-839b7389d552?ixlib=rb-1.2.1&ixid=MXwxMjA3fDB8MHxwaG90by1wYWdlfHx8fGVufDB8fHw%3D&auto=format&fit=crop&w=800&q=80", 16
삼색 마카롱롱, 10000, "https://images.unsplash.com/photo-1490368168320-00b82f60dd71?ixlib=rb-1.2.1&ixid=MXwxMjA3fDB8MHxwaG90by1wYWdlfHx8fGVufDB8fHw%3D&auto=format&fit=crop&w=634&q=80", 17
알록달록 빨대, 3000, "https://images.unsplash.com/photo-1525059337994-6f2a1311b4d4?ixlib=rb-1.2.1&ixid=MXwxMjA3fDB8MHxwaG90by1wYWdlfHx8fGVufDB8fHw%3D&auto=format&fit=crop&w=654&q=80", 18
알로에 닮은 선인장, 25000, "https://images.unsplash.com/photo-1528475519816-65446c519adc?ixlib=rb-1.2.1&ixid=MXwxMjA3fDB8MHxwaG90by1wYWdlfHx8fGVufDB8fHw%3D&auto=format&fit=crop&w=658&q=80", 19
블링블링 스피드 자전거, 452000,"https://images.unsplash.com/photo-1503914068268-5413b35b45ad?ixid=MXwxMjA3fDB8MHxwaG90by1wYWdlfHx8fGVufDB8fHw%3D&ixlib=rb-1.2.1&auto=format&fit=crop&w=1350&q=80", 20
물에 강한 종이배, 85000, "https://images.unsplash.com/photo-1520013817300-1f4c1cb245ef?ixlib=rb-1.2.1&ixid=MXwxMjA3fDB8MHxwaG90by1wYWdlfHx8fGVufDB8fHw%3D&auto=format&fit=crop&w=1387&q=80", 21
무지개떡 지구본, 540000, "https://images.unsplash.com/photo-1506792006437-256b665541e2?ixlib=rb-1.2.1&ixid=MXwxMjA3fDB8MHxwaG90by1wYWdlfHx8fGVufDB8fHw%3D&auto=format&fit=crop&w=634&q=80", 22
튼튼한 스마트폰 케이스, 13000, "https://images.unsplash.com/photo-1525226456211-24affe06d7dc?ixlib=rb-1.2.1&ixid=MXwxMjA3fDB8MHxwaG90by1wYWdlfHx8fGVufDB8fHw%3D&auto=format&fit=crop&w=675&q=80", 23
무조건 일어나게 되는 알람시계, 20000, "https://images.unsplash.com/photo-1536662788222-6927ce05daea?ixid=MXwxMjA3fDB8MHxwaG90by1wYWdlfHx8fGVufDB8fHw%3D&ixlib=rb-1.2.1&auto=format&fit=crop&w=634&q=80", 24
뾰족뾰족 닥트리오 선인장, 40000, "https://images.unsplash.com/photo-1531326842537-a4bb23c9544e?ixid=MXwxMjA3fDB8MHxwaG90by1wYWdlfHx8fGVufDB8fHw%3D&ixlib=rb-1.2.1&auto=format&fit=crop&w=634&q=80", 25
행운이 가득한 포춘쿠키, 4000, "https://images.unsplash.com/photo-1533930086187-0fc58e5a92e2?ixlib=rb-1.2.1&ixid=MXwxMjA3fDB8MHxwaG90by1wYWdlfHx8fGVufDB8fHw%3D&auto=format&fit=crop&w=634&q=80", 26
사랑이 가득한 포춘쿠키, 7000, "https://images.unsplash.com/photo-1535368459444-9bcff7349a3f?ixid=MXwxMjA3fDB8MHxwaG90by1wYWdlfHx8fGVufDB8fHw%3D&ixlib=rb-1.2.1&auto=format&fit=crop&w=634&q=80", 27